{
  "trade.vectors": {
    "T101": [
      0.5,
      1.8,
      3.2,
      2.9,
      1.1
    ],
    "T202": [
      10,
      20,
      15,
      14.5,
      19.2
    ],
    "T303": [
      7.5,
      6.1,
      8.2,
      9.9,
      9.1
    ]
  },
  "trade.pfe.vectors": {
    "T101": [
      0.5,
      1.8,
      3.2,
      2.9,
      1.1
    ],
    "T202": [
      10,
      20,
      15,
      14.5,
      19.2
    ],
    "T303": [
      7.5,
      6.1,
      8.2,
      9.9,
      9.1
    ]
  },
  "trade.fv.matrices": {
    "T101": [
      [
        0.0,
        0.1,
        0.2,
        0.30000000000000004,
        0.4,
        0.5,
        0.6000000000000001,
        0.7000000000000001,
        0.8,
        0.9
      ],
      [
        1.0,
        1.1,
        1.2000000000000002,
        1.3,
        1.4000000000000001,
        1.5,
        1.6,
        1.7000000000000002,
        1.8,
        1.9000000000000001
      ],
      [
        2.0,
        2.1,
        2.2,
        2.3000000000000003,
        2.4000000000000004,
        2.5,
        2.6,
        2.7,
        2.8000000000000003,
        2.9000000000000004
      ],
      [
        3.0,
        3.1,
        3.2,
        3.3000000000000003,
        3.4000000000000004,
        3.5,
        3.6,
        3.7,
        3.8000000000000003,
        3.9000000000000004
      ],
      [
        4.0,
        4.1000000000000005,
        4.2,
        4.3,
        4.4,
        4.5,
        4.6000000000000005,
        4.7,
        4.800000000000001,
        4.9
      ],
      [
        5.0,
        5.1000000000000005,
        5.2,
        5.300000000000001,
        5.4,
        5.5,
        5.6000000000000005,
        5.7,
        5.800000000000001,
        5.9
      ],
      [
        6.0,
        6.1000000000000005,
        6.2,
        6.300000000000001,
        6.4,
        6.5,
        6.6000000000000005,
        6.7,
        6.800000000000001,
        6.9
      ],
      [
        7.0,
        7.1000000000000005,
        7.2,
        7.300000000000001,
        7.4,
        7.5,
        7.6000000000000005,
        7.7,
        7.800000000000001,
        7.9
      ],
      [
        8.0,
        8.1,
        8.200000000000001,
        8.3,
        8.4,
        8.5,
        8.6,
        8.700000000000001,
        8.8,
        8.9
      ],
      [
        9.0,
        9.1,
        9.200000000000001,
        9.3,
        9.4,
        9.5,
        9.600000000000001,
        9.700000000000001,
        9.8,
        9.9
      ]
    ],
    "T202": [
      [
        10.0,
        10.5,
        11.0,
        11.5,
        12.0,
        12.5,
        13.0,
        13.5,
        14.0,
        14.5
      ],
      [
        15.0,
        15.5,
        16.0,
        16.5,
        17.0,
        17.5,
        18.0,
        18.5,
        19.0,
        19.5
      ],
      [
        20.0,
        20.5,
        21.0,
        21.5,
        22.0,
        22.5,
        23.0,
        23.5,
        24.0,
        24.5
      ],
      [
        25.0,
        25.5,
        26.0,
        26.5,
        27.0,
        27.5,
        28.0,
        28.5,
        29.0,
        29.5
      ],
      [
        30.0,
        30.5,
        31.0,
        31.5,
        32.0,
        32.5,
        33.0,
        33.5,
        34.0,
        34.5
      ],
      [
        35.0,
        35.5,
        36.0,
        36.5,
        37.0,
        37.5,
        38.0,
        38.5,
        39.0,
        39.5
      ],
      [
        40.0,
        40.5,
        41.0,
        41.5,
        42.0,
        42.5,
        43.0,
        43.5,
        44.0,
        44.5
      ],
      [
        45.0,
        45.5,
        46.0,
        46.5,
        47.0,
        47.5,
        48.0,
        48.5,
        49.0,
        49.5
      ],
      [
        50.0,
        50.5,
        51.0,
        51.5,
        52.0,
        52.5,
        53.0,
        53.5,
        54.0,
        54.5
      ],
      [
        55.0,
        55.5,
        56.0,
        56.5,
        57.0,
        57.5,
        58.0,
        58.5,
        59.0,
        59.5
      ]
    ],
    "T303": [
      [
        -5.0,
        -4.8,
        -4.6,
        -4.4,
        -4.2,
        -4.0,
        -3.8,
        -3.5999999999999996,
        -3.4,
        -3.2
      ],
      [
        -3.0,
        -2.8,
        -2.5999999999999996,
        -2.4,
        -2.1999999999999997,
        -2.0,
        -1.7999999999999998,
        -1.5999999999999996,
        -1.4,
        -1.1999999999999997
      ],
      [
        -1.0,
        -0.7999999999999998,
        -0.5999999999999996,
        -0.39999999999999947,
        -0.1999999999999993,
        0.0,
        0.20000000000000018,
        0.40000000000000036,
        0.6000000000000005,
        0.8000000000000007
      ],
      [
        1.0,
        1.2000000000000002,
        1.4000000000000004,
        1.6000000000000005,
        1.8000000000000007,
        2.0,
        2.2,
        2.4000000000000004,
        2.6000000000000005,
        2.8000000000000007
      ],
      [
        3.0,
        3.200000000000001,
        3.4000000000000004,
        3.5999999999999996,
        3.8000000000000007,
        4.0,
        4.200000000000001,
        4.4,
        4.600000000000001,
        4.800000000000001
      ],
      [
        5.0,
        5.200000000000001,
        5.4,
        5.600000000000001,
        5.800000000000001,
        6.0,
        6.200000000000001,
        6.4,
        6.600000000000001,
        6.800000000000001
      ],
      [
        7.0,
        7.200000000000001,
        7.4,
        7.600000000000001,
        7.800000000000001,
        8.0,
        8.200000000000001,
        8.4,
        8.600000000000001,
        8.8
      ],
      [
        9.0,
        9.200000000000001,
        9.4,
        9.600000000000001,
        9.8,
        10.0,
        10.200000000000001,
        10.4,
        10.600000000000001,
        10.8
      ],
      [
        11.0,
        11.2,
        11.400000000000002,
        11.600000000000001,
        11.8,
        12.0,
        12.2,
        12.400000000000002,
        12.600000000000001,
        12.8
      ],
      [
        13.0,
        13.2,
        13.400000000000002,
        13.600000000000001,
        13.8,
        14.0,
        14.200000000000003,
        14.400000000000002,
        14.600000000000001,
        14.8
      ]
    ]
  },
  "percentile.target": 95,
  "trade.max.value": 20,
  "trade.max.calc_ts": "2025-09-29T17:05:23.456488+00:00",
  "trade.fv.percentile.value": 9.4,
  "trade.fv.percentile.ts": "2025-09-29T17:06:10.243959+00:00",
  "trade.fv.percentile.p": 95
}