{
  "netting.from_trade.id": "NS1",
  "netting.from_trade.members": [
    "T101",
    "T202",
    "T303"
  ],
  "netting.from_trade.pfe_vector": [
    77.0,
    77.8,
    78.60000000000001,
    79.4,
    80.2,
    81.0,
    81.8,
    82.60000000000001,
    83.4,
    84.2
  ],
  "netting.from_trade.peak_pfe": 84.2,
  "netting.from_trade.max_pfe": 84.2,
  "netting.from_trade.ts": "2025-09-29T21:47:32.848909+00:00",
  "netting.from_trade.confidence_level": 95
}