{
  "netting.from_trade.id": "NS1",
  "netting.from_trade.members": [
    "T101",
    "T202",
    "T303"
  ],
  "netting.from_trade.vector": [
    5.0,
    5.8,
    6.6,
    7.4,
    8.2,
    9.0,
    9.8,
    10.6,
    11.4,
    12.2,
    13.0,
    13.8,
    14.6,
    15.4,
    16.2,
    17.0,
    17.8,
    18.6,
    19.400000000000002,
    20.2,
    21.0,
    21.8,
    22.6,
    23.400000000000002,
    24.2,
    25.0,
    25.8,
    26.6,
    27.400000000000002,
    28.2,
    29.0,
    29.8,
    30.6,
    31.400000000000002,
    32.2,
    33.0,
    33.800000000000004,
    34.6,
    35.4,
    36.2,
    37.0,
    37.800000000000004,
    38.6,
    39.4,
    40.2,
    41.0,
    41.800000000000004,
    42.6,
    43.4,
    44.2,
    45.0,
    45.800000000000004,
    46.6,
    47.4,
    48.2,
    49.0,
    49.800000000000004,
    50.6,
    51.4,
    52.2,
    53.0,
    53.800000000000004,
    54.6,
    55.4,
    56.2,
    57.0,
    57.800000000000004,
    58.6,
    59.4,
    60.2,
    61.0,
    61.800000000000004,
    62.6,
    63.4,
    64.2,
    65.0,
    65.8,
    66.60000000000001,
    67.4,
    68.2,
    69.0,
    69.8,
    70.60000000000001,
    71.4,
    72.2,
    73.0,
    73.8,
    74.60000000000001,
    75.4,
    76.2,
    77.0,
    77.8,
    78.60000000000001,
    79.4,
    80.2,
    81.0,
    81.8,
    82.60000000000001,
    83.4,
    84.2
  ],
  "netting.from_trade.percentile.value": 80.2,
  "netting.from_trade.max.value": 84.2,
  "netting.from_trade.ts": "2025-09-29T21:29:05.261490+00:00",
  "netting.from_trade.p": 95
}